{"cameraMode":{"drawMode":0,"name":"Shaded","section":"Shading Mode"},"sceneLighting":true,"audioPlay":false,"sceneViewState":{"m_AlwaysRefresh":false,"showFog":true,"showSkybox":false,"showFlares":true,"showImageEffects":true,"showParticleSystems":true,"showVisualEffectGraphs":true,"m_FxEnabled":true},"in2DMode":false,"pivot":{"x":1.5335445404052735,"y":-0.1911602020263672,"z":-2.945187568664551},"rotation":{"x":0.5182504057884216,"y":7.550654572696658e-7,"z":0.0000012619296967386618,"w":0.8552383780479431},"size":9.860724449157715,"orthographic":false}